naam,website
Aalst,https://aalst.be
Aalter,https://aalter.be
Aarschot,https://www.aarschot.be
Aartselaar,https://www.aartselaar.be
Affligem,https://www.affligem.be
Alken,https://www.alken.be
Alveringem,https://www.alveringem.be
Amay,https://www.amay.be
Amel,https://www.amel.be
Andenne,https://www.andenne.be
Anderlecht,https://www.anderlecht.be
Anderlues,https://www.anderlues.be
Anhée,https://www.anhee.be
Ans,https://www.ans-commune.be
Anthisnes,https://www.anthisnes.be
Antoing,https://www.antoing.net
Antwerpen,https://www.antwerpen.be
Anzegem,https://www.anzegem.be
Ardooie,https://www.ardooie.be
Arendonk,https://www.arendonk.be
Arlon,https://www.arlon.be
As,https://www.as.be
Asse,https://www.asse.be
Assenede,https://www.assenede.be
Assesse,https://www.assesse.be
Ath,https://www.ath.be
Attert,https://www.attert.be
Aubange,https://www.aubange.be
Aubel,https://www.aubel.be
Avelgem,https://www.avelgem.be
Awans,https://www.awans.be
Aywaille,https://www.aywaille.be
Baarle-Hertog,https://www.baarle-hertog.be
Baelen,https://www.baelen.be
Balen,https://www.balen.be
Bassenge,https://www.bassenge.be
Bastogne,https://www.bastogne.be
Beaumont,https://www.beaumont.be
Beauraing,https://www.beauraing.be
Beauvechain,https://www.beauvechain.be
Beernem,https://www.beernem.be
Beerse,https://www.beerse.be
Beersel,https://www.beersel.be
Begijnendijk,https://www.begijnendijk.be
Bekkevoort,https://www.bekkevoort.be
Beloeil,https://www.beloeil.be
Beringen,https://www.beringen.be
Berlaar,https://www.berlaar.be
Berlare,https://www.berlare.be
Berloz,https://www.berloz.be
Bernissart,https://www.bernissart.be
Bertem,https://www.bertem.be
Bertrix,https://www.bertrix.be
Bever,https://www.bever-bievene.be
Beyne-Heusay,https://www.beyne-heusay.be
Bierbeek,https://www.bierbeek.be
Bièvre,https://www.bievre.be
Binche,https://www.binche.be
Blankenberge,https://www.blankenberge.be
Blegny,https://www.blegny.be
Bocholt,https://www.bocholt.be
Boechout,https://www.boechout.be
Bonheiden,https://www.bonheiden.be
Boom,https://www.boom.be
Boortmeerbeek,https://www.boortmeerbeek.be
Bornem,https://www.bornem.be
Bouillon,https://www.bouillon.be
Boussu,https://www.boussu.be
Boutersem,https://www.boutersem.be
Braine-l'Alleud,https://www.braine-lalleud.be
Braine-le-Château,https://www.braine-le-chateau.be
Braine-le-Comte,https://www.braine-le-comte.be
Braives,https://www.braives.be
Brasschaat,https://www.brasschaat.be
Brecht,https://www.brecht.be
Bredene,https://www.bredene.be
Bree,https://www.bree.be
Brugelette,https://www.brugelette.be
Brugge,https://www.brugge.be
Bruxelles,https://bruxelles.be
Buggenhout,https://www.buggenhout.be
Büllingen,https://buellingen.be
Burdinne,https://www.burdinne.be
Bütgenbach,https://www.butgenbach.be
Celles,https://www.celles.be
Cerfontaine,https://www.cerfontaine.be
Chapelle-lez-Herlaimont,https://www.chapelle-lez-herlaimont.be
Charleroi,https://www.charleroi.be
Châtelet,https://www.chatelet.be
Chaudfontaine,https://www.chaudfontaine.be
Chaumont-Gistoux,https://www.chaumont-gistoux.be
Chièvres,https://www.chievres.be
Chimay,https://www.chimayville.be
Chiny,https://www.chiny.be
Ciney,https://www.ciney.be
Clavier,https://www.clavier.be
Colfontaine,https://www.colfontaine.be
Comblain-au-Pont,https://www.comblainaupont.be
Courcelles,https://www.courcelles.eu
Court-Saint-Étienne,https://www.court-st-etienne.be
Couvin,https://www.couvin.be
Crisnée,https://www.crisnee.be
Dalhem,https://www.dalhem.be
Damme,https://www.damme.be
Daverdisse,https://www.daverdisse.be
De Haan,https://www.dehaan.be
De Panne,https://www.depanne.be
Deerlijk,https://www.deerlijk.be
Deinze,https://www.deinze.be
Denderleeuw,https://www.denderleeuw.be
Dendermonde,https://www.dendermonde.be
Dentergem,https://www.dentergem.be
Dessel,https://www.dessel.be
Destelbergen,https://www.destelbergen.be
Diepenbeek,https://www.diepenbeek.be
Diest,https://www.diest.be
Diksmuide,https://www.diksmuide.be
Dilbeek,https://www.dilbeek.be
Dinant,https://www.dinant.be
Dison,https://www.dison.be
Doische,https://www.doische.be
Donceel,https://www.donceel.be
Dour,https://www.communedour.be/
Drogenbos,https://www.drogenbos.be
Duffel,https://www.duffel.be
Durbuy,https://www.durbuy.be
Edegem,https://www.edegem.be
Enghien,https://www.enghien-edingen.be
Eeklo,https://www.eeklo.be
Éghezée,https://www.eghezee.be
Ellezelles,https://www.ellezelles.be
Ixelles,https://www.ixelles.be
Engis,https://www.engis.be
Érezée,https://www.erezee.be
Erquelinnes,https://www.erquelinnes.be
Esneux,https://www.esneux.be
Essen,https://www.essen.be
Estaimpuis,https://www.estaimpuis.be
Étalle,https://www.etalle.be
Etterbeek,https://etterbeek.brussels
Eupen,https://www.eupen.be
Evere,https://evere.brussels
Evergem,https://www.evergem.be
Faimes,https://www.faimes.be
Farciennes,https://www.farciennes.be
Fauvillers,https://www.fauvillers.be
Ferrières,https://www.ferrieres.be
Fexhe-le-Haut-Clocher,https://www.fexhe-le-haut-clocher.be
Fléron,https://www.fleron.be
Fleurus,https://fleurus.be
Floreffe,https://www.floreffe.be
Florennes,https://www.florennes.be
Florenville,https://www.florenville.be
Fontaine-l'Évêque,https://www.villedefontaine.be
Fosses-la-Ville,https://www.fosses-la-ville.be
Frameries,https://www.frameries.be
Froidchapelle,https://www.froidchapelle.be
Ganshoren,https://www.ganshoren.be
Gavere,https://www.gavere.be
Gedinne,https://actugedinne.be/
Geel,https://www.geel.be
Geer,https://www.geer.be
Geetbets,https://www.geetbets.be
Gembloux,https://www.gembloux.be
Genappe,https://www.genappe.be
Genk,https://www.genk.be
Gent,https://stad.gent
Geraardsbergen,https://www.geraardsbergen.be
Gerpinnes,https://www.gerpinnes.be
Gesves,http://www.gesves.be
Gingelom,https://www.gingelom.be
Gistel,https://www.gistel.be
Glabbeek,https://www.glabbeek.be
Gouvy,https://www.gouvy.be
Grâce-Hollogne,https://www.grace-hollogne.be
Grez-Doiceau,https://www.grez-doiceau.be
Grimbergen,https://www.grimbergen.be
Grobbendonk,https://www.grobbendonk.be
Haacht,https://www.haacht.be
Haaltert,https://www.haaltert.be
Halen,https://www.halen.be
Halle,https://www.halle.be
Hamme,https://www.hamme.be
Hamoir,https://www.hamoir.be
Hamois,https://www.hamois.be
Ham-sur-Heure-Nalinnes,https://www.ham-sur-heure-nalinnes.be
Hannut,https://www.hannut.be
Harelbeke,https://www.harelbeke.be
Hasselt,https://www.hasselt.be
Havelange,https://www.havelange.be
Heers,https://www.heers.be
Heist-op-den-Berg,https://www.heist-op-den-berg.be
Hemiksem,https://www.hemiksem.be
Hensies,https://www.hensies.be
Herbeumont,https://www.herbeumont.be
Herent,https://www.herent.be
Herentals,https://www.herentals.be
Herenthout,https://www.herenthout.be
Herk-de-Stad,https://www.herk-de-stad.be
Héron,https://www.heron.be
Herselt,https://www.herselt.be
Herstal,https://www.herstal.be
Herve,https://www.herve.be
Herzele,https://www.herzele.be
Heusden-Zolder,https://www.heusden-zolder.be
Hoegaarden,https://www.lokaalbestuurhoegaarden.be
Hoeilaart,https://www.hoeilaart.be
Holsbeek,https://www.holsbeek.be
Hooglede,https://www.hooglede.be
Hoogstraten,https://www.hoogstraten.be
Hotton,https://www.hotton.be
Houffalize,https://www.houffalize.be
Houthulst,https://www.houthulst.be
Houyet,https://www.houyet.be
Hove,https://www.hove.be
Huldenberg,https://www.huldenberg.be
Hulshout,https://www.hulshout.be
Huy,https://www.huy.be
Ichtegem,https://www.ichtegem.be
Ieper,https://www.ieper.be
Incourt,https://www.incourt.be
Ingelmunster,https://www.ingelmunster.be
Ittre,https://www.ittre.be
Izegem,https://www.izegem.be
Jabbeke,https://www.jabbeke.be
Jalhay,https://www.jalhay.be
Jemeppe-sur-Sambre,https://www.jemeppe-sur-sambre.be
Jette,https://jette.irisnet.be
Jodoigne,https://www.jodoigne.be
Juprelle,https://www.juprelle.be
Jurbise,https://www.jurbise.be
Kalmthout,https://www.kalmthout.be
Kampenhout,https://www.kampenhout.be
Kapellen,https://www.kapellen.be
Kapelle-op-den-Bos,https://www.kapelle-op-den-bos.be
Kaprijke,https://www.kaprijke.be
Kasterlee,https://www.kasterlee.be
Keerbergen,https://www.keerbergen.be
Kelmis,https://www.kelmis.be
Kinrooi,https://www.kinrooi.be
Koekelare,https://www.koekelare.be
Koekelberg,https://www.koekelberg.be
Koksijde,https://www.koksijde.be
Comines-Warneton,https://www.villedecomines-warneton.be
Kontich,https://www.kontich.be
Kortemark,https://www.kortemark.be
Kortenaken,https://www.kortenaken.be
Kortenberg,https://www.kortenberg.be
Kortessem,https://www.kortessem.be
Kraainem,https://www.kraainem.be
Kuurne,https://www.kuurne.be
La Hulpe,https://www.lahulpe.be
La Louvière,https://www.lalouviere.be
La Roche-en-Ardenne,https://laroche.be
Laarne,https://www.laarne.be
Lanaken,https://www.lanaken.be
Landen,https://www.landen.be
Le Roeulx,https://www.leroeulx.be
Lebbeke,https://www.lebbeke.be
Lede,https://www.lede.be
Ledegem,https://www.ledegem.be
Léglise,https://www.communeleglise.be
Lendelede,https://www.lendelede.be
Lens,https://www.lens.be
Leopoldsburg,https://www.leopoldsburg.be
Lessines,https://www.lessines.be
Leuven,https://www.leuven.be
Leuze-en-Hainaut,https://www.leuze-en-hainaut.be
Libin,https://www.libin.be
Libramont-Chevigny,https://www.libramontchevigny.be
Lichtervelde,https://www.lichtervelde.be
Liedekerke,https://www.liedekerke.be
Liège,https://www.liege.be
Lier,https://www.lier.be
Lierneux,https://www.lierneux.be
Lille,https://www.lille.be
Limbourg,https://www.ville-limbourg.be
Lincent,https://www.lincent.be
Linkebeek,https://www.linkebeek.be
Lint,https://www.lint.be
Linter,https://www.linter.be
Lobbes,https://www.lobbes.be
Lochristi,https://www.lochristi.be
Lokeren,https://www.lokeren.be
Lommel,https://www.lommel.be
Londerzeel,https://www.londerzeel.be
Lontzen,https://www.lontzen.be
Lubbeek,https://www.lubbeek.be
Lummen,https://www.lummen.be
Maaseik,https://www.maaseik.be
Maasmechelen,https://www.maasmechelen.be
Machelen,https://www.machelen.be
Maldegem,https://www.maldegem.be
Malle,https://www.malle.be
Malmedy,https://www.malmedy.be
Manage,https://www.manage-commune.be
Marche-en-Famenne,https://www.marche.be
Marchin,https://www.marchin.be
Martelange,https://www.martelange.be
Mechelen,https://www.mechelen.be
Meerhout,https://www.meerhout.be
Meise,https://www.meise.be
Meix-devant-Virton,https://www.meix-devant-virton.be
Menen,https://www.menen.be
Merbes-le-Château,https://www.merbeslechateau.be
Merchtem,https://www.merchtem.be
Merksplas,https://www.merksplas.be
Mesen,https://www.mesen.be
Messancy,https://www.messancy.be
Mettet,https://www.mettet.be
Middelkerke,https://www.middelkerke.be
Modave,https://www.modave.be
Mouscron,https://www.mouscron.be
Mol,https://www.gemeentemol.be
Momignies,https://www.momignies.be
Mons,https://www.mons.be
Montigny-le-Tilleul,https://www.montigny-le-tilleul.be
Mont-Saint-Guibert,https://www.mont-saint-guibert.be
Moorslede,https://www.moorslede.be
Mortsel,https://www.mortsel.be
Musson,https://www.musson.be
Namur,https://www.namur.be
Nandrin,https://www.nandrin.be
Nassogne,https://www.nassogne.be
Neufchâteau,https://www.neufchateau.be
Niel,https://www.niel.be
Nieuwerkerken,https://www.nieuwerkerken.be
Nieuwpoort,https://www.nieuwpoort.be
Nijlen,https://www.nijlen.be
Ninove,https://www.ninove.be
Nivelles,https://www.nivelles.be
Ohey,https://www.ohey.be
Olen,https://www.olen.be
Olne,https://www.olne.be
Onhaye,https://www.onhaye.be
Oostende,https://www.oostende.be
Oosterzele,https://www.oosterzele.be
Oostkamp,https://www.oostkamp.be
Oostrozebeke,https://www.oostrozebeke.be
Opwijk,https://www.opwijk.be
Oreye,https://www.oreye.be
Oudenaarde,https://www.oudenaarde.be
Oudenburg,https://www.oudenburg.be
Auderghem,https://www.auderghem.be
Oud-Heverlee,https://www.oud-heverlee.be
Oud-Turnhout,https://www.oud-turnhout.be
Ouffet,https://www.ouffet.be
Oupeye,https://www.oupeye.be
Overijse,https://www.overijse.be
Paliseul,https://www.paliseul.be
Pecq,https://www.pecq.be
Peer,https://www.peer.be
Pepingen,https://www.pepingen.be
Pepinster,https://www.pepinster.be
Péruwelz,https://www.peruwelz.be
Perwez,https://www.perwez.be
Philippeville,https://www.philippeville.be
Pittem,https://www.pittem.be/website/1-www.html
Pont-à-Celles,https://www.pontacelles.be
Poperinge,https://www.poperinge.be
Profondeville,https://www.profondeville.be
Putte,https://www.putte.be
Quaregnon,https://www.quaregnon.be
Quiévrain,https://www.quievrain.be
Raeren,https://www.raeren.be
Ramillies,https://www.ramillies.be
Ranst,https://www.ranst.be
Ravels,https://www.ravels.be
Remicourt,https://www.remicourt.be
Rendeux,https://www.rendeux.be
Retie,https://www.retie.be
Riemst,https://www.riemst.be
Rijkevorsel,https://www.rijkevorsel.be
Rixensart,https://www.rixensart.be
Rochefort,https://www.rochefort.be
Roeselare,https://www.roeselare.be
Ronse,https://www.ronse.be
Roosdaal,https://www.roosdaal.be
Rotselaar,https://www.rotselaar.be
Rumes,https://rumes-online.be/
Rumst,https://www.rumst.be
Saint-Georges-sur-Meuse,https://www.saint-georges-sur-meuse.be
Saint-Ghislain,https://www.saint-ghislain.be
Saint-Hubert,https://www.saint-hubert.be
Saint-Léger,https://www.saint-leger.be
Sint-Niklaas,https://www.sint-niklaas.be
Sankt Vith,https://www.st.vith.be
Schaerbeek,https://www.1030.be
Schelle,https://www.schelle.be
Schilde,https://www.schilde.be
Schoten,https://www.schoten.be
Seneffe,https://www.seneffe.be
Seraing,https://www.seraing.be
Silly,https://www.silly.be
Berchem-Sainte-Agathe,https://berchem.brussels
Sint-Genesius-Rode,https://www.sint-genesius-rode.be
Saint-Gilles,https://stgilles.brussels
Sint-Gillis-Waas,https://www.sint-gillis-waas.be
Molenbeek-Saint-Jean,https://www.molenbeek.irisnet.be
Saint-Josse-ten-Noode,https://sjtn.brussels
Sint-Katelijne-Waver,https://www.skw.be
Woluwe-Saint-Lambert,https://www.woluwe1200.be
Sint-Laureins,https://www.sint-laureins.be
Sint-Lievens-Houtem,https://www.sint-lievens-houtem.be
Sint-Martens-Latem,https://www.sint-martens-latem.be
Sint-Pieters-Leeuw,https://www.sint-pieters-leeuw.be
Woluwe-Saint-Pierre,https://www.woluwe1150.be
Sint-Truiden,https://www.sint-truiden.be
Soignies,https://www.soignies.be
Sombreffe,https://www.sombreffe.be
Somme-Leuze,https://www.somme-leuze.be
Soumagne,https://www.soumagne.be
Spa,https://www.villedespa.be
Sprimont,https://www.sprimont.be
Stabroek,https://www.stabroek.be
Staden,https://www.staden.be
Stavelot,https://www.stavelot.be
Steenokkerzeel,https://www.steenokkerzeel.be
Stekene,https://www.stekene.be
Stoumont,https://www.stoumont.be
Tellin,https://www.tellin.be
Temse,https://www.temse.be
Tenneville,https://www.tenneville.be
Ternat,https://www.ternat.be
Tervuren,https://www.tervuren.be
Theux,https://www.theux.be
Thuin,https://www.thuin.be
Tielt,https://www.tielt.be
Tienen,https://www.tienen.be
Tinlot,https://www.tinlot.be
Tintigny,https://www.tintigny.be
Torhout,https://www.torhout.be
Tournai,https://www.tournai.be
Tremelo,https://www.tremelo.be
Trois-Ponts,https://www.troisponts.be
Tubize,https://www.tubize.be
Turnhout,https://www.turnhout.be
Uccle,https://www.uccle.be
Vaux-sur-Sûre,https://www.vaux-sur-sure.be
Verlaine,https://www.verlaine.be
Verviers,https://www.verviers.be
Veurne,https://www.veurne.be
Vielsalm,https://www.vielsalm.be
Villers-la-Ville,https://www.villers-la-ville.be
Villers-le-Bouillet,https://www.villers-le-bouillet.be
Vilvoorde,https://www.vilvoorde.be
Virton,https://www.virton.be
Visé,https://www.vise.be
Vloesberg,https://www.vloesberg.be
Vorselaar,https://www.vorselaar.be
Vorst,https://vorst.brussels
Vosselaar,https://www.vosselaar.be
Vresse-sur-Semois,https://www.vresse-sur-semois.be
Waasmunster,https://www.waasmunster.be
Walcourt,https://www.walcourt.be
Wanze,https://www.wanze.be
Waregem,https://www.waregem.be
Waremme,https://www.waremme.be
Wasseiges,https://www.wasseiges.be
Waterloo,https://www.waterloo.be
Watermael-Boitsfort,https://www.watermael-boitsfort.be
Wavre,https://www.wavre.be
Waimes,https://www.waimes.be
Welkenraedt,https://www.welkenraedt.be
Wellen,https://www.wellen.be
Wellin,https://www.wellin.be
Wemmel,https://www.wemmel.be
Wervik,https://www.wervik.be
Westerlo,https://www.westerlo.be
Wetteren,https://www.wetteren.be
Wevelgem,https://www.wevelgem.be
Wezembeek-Oppem,https://www.wezembeek-oppem.be
Wichelen,https://www.wichelen.be
Wielsbeke,https://www.wielsbeke.be
Wijnegem,https://www.wijnegem.be
Willebroek,https://www.willebroek.be
Wingene,https://www.wingene.be
Wommelgem,https://www.wommelgem.be
Wuustwezel,https://www.wuustwezel.be
Yvoir,https://www.yvoir.be
Zandhoven,https://www.zandhoven.be
Zaventem,https://www.zaventem.be
Zedelgem,https://www.zedelgem.be
Zele,https://www.zele.be
Zelzate,https://www.zelzate.be
Zemst,https://www.zemst.be
Zoersel,https://www.zoersel.be
Zonhoven,https://www.zonhoven.be
Zonnebeke,https://www.zonnebeke.be
Zottegem,https://www.zottegem.be
Zoutleeuw,https://www.zoutleeuw.be
Zuienkerke,http://www.zuienkerke.be
Zulte,https://www.zulte.be
Zutendaal,https://www.zutendaal.be
Zwevegem,https://www.zwevegem.be
Zwijndrecht,https://www.zwijndrecht.be