name,website
Algemeen Ziekenhuis Alma,https://azalma.be
Algemeen Ziekenhuis Delta,https://azdelta.be
Algemeen Ziekenhuis Diest,https://azdiest.be
Algemeen Ziekenhuis Glorieux,https://azglorieux.be
Algemeen Ziekenhuis Groeninge,https://azgroeninge.be
Algemeen Ziekenhuis Jan Palfijn,https://janpalfijn.be
Algemeen Ziekenhuis Maria Middelares,https://mariamiddelares.be
Algemeen Ziekenhuis Monica,https://azmonica.be
Algemeen Ziekenhuis Oudenaarde,https://azoudenaarde.be
Algemeen Ziekenhuis Sint-Blasius,https://azsintblasius.be
Algemeen Ziekenhuis Sint-Dimpna,https://ziekenhuisgeel.be
Algemeen Ziekenhuis Sint-Elisabeth,https://sezz.be
Algemeen Ziekenhuis Sint-Elisabeth Herentals,https://azherentals.be
Algemeen Ziekenhuis Sint-Jan Brugge,https://azsintjan.be
Algemeen Ziekenhuis Sint-Lucas,https://stlucas.be
Algemeen Ziekenhuis Sint-Maarten,https://azsintmaarten.be
Algemeen Ziekenhuis Sint-Maria,https://sintmaria.be
Algemeen Ziekenhuis Turnhout,https://azturnhout.be
Algemeen Ziekenhuis Vilvoorde,https://azjanportaels.be
Algemeen Ziekenhuis West,https://azwest.be
AZ Oostende,https://azoostende.be
AZ Sint-Lucas,https://azstlucas.be
AZ Zeno,https://azzeno.be
Centre de psychiatrie Infantile Les Goélands,https://lesgoelands.be
Centre de Santé des Fagnes,https://csf.be
Centre Hospitalier Bois de l'Abbaye,https://www.chba.be
Centre Hospitalier de Mouscron,https://www.chmouscron.be
Centre Hospitalier de Wallonie Picarde,https://chwapi.be
Centre Hospitalier EpiCURA,https://epicura.be
Centre Hospitalier Jean Titeca,https://www.chjt.be
Centre Hospitalier Le Domaine,https://domaine-ulb.be
Centre Hospitalier Neurologique William Lennox,https://cnwl.be
Centre Hospitalier Psychiatrique Le Chêne aux Haies,https://chpchene.be
Centre Hospitalier Régional de Huy,https://chrh.be
Centre Hospitalier Régional de la Citadelle,https://www.citadelle.be
Centre Hospitalier Régional de la Haute Senne - Le Goéland,https://chrhautesenne.be
Centre Hospitalier Régional de Verviers,https://chrverviers.be
Centre Hospitalier Régional Sambre et Meuse - Site Meuse,https://chrsm.be
Centre Hospitalier Spécialisé Notre-Dame des Anges,https://cnda.be
Centre Hospitalier Universitaire Ambroise Paré,https://hap.be
Centre Hospitalier Universitaire de Charleroi,https://www.humani.be
Centre Hospitalier Universitaire de Liège,https://chuliege.be
Centre Hospitalier Universitaire Tivoli,https://chu-tivoli.be
Centre Neuro Psychiatrique Saint-Martin,https://cp-st-martin.be
Centre Psychiatrique Saint-Bernard,https://cp-st-bernard.be
Centre Régional Psychiatrique Les Marronniers,https://marronniers.be
Centres Hospitaliers de Jolimont,https://jolimont.be
CHIREC,https://chirec.be
CHU Brugmann,https://chu-brugmann.be
CHU Saint-Pierre,https://www.stpierre-bru.be
CHU UCL Namur – Site Dinant,https://chuuclnamur.be
Clinique de Bonsecours,https://cliniquedebonsecours.be
Clinique Notre-Dame de Grâce,https://cndg.be
Clinique Psychiatrique des Frères Alexiens,https://cpfa.be
Clinique Reine Astrid,https://chram.be
Clinique Saint-Jean,https://klstjan.be
Clinique Saint-Luc,https://slbo.be
Clinique Saint-Pierre,https://cspo.be
Clinique Sans Souci,https://sans-souci.be
Cliniques de l'Europe,https://europaziekenhuizen.be
Cliniques universitaires Saint-Luc,https://saintluc.be
Epsylon - Clinique Area+,https://epsylon.be
Feux Follets,https://feux-follets.be
Foyer Horizon,https://inago.be
Grand Hôpital de Charleroi,https://ghdc.be
Heilig Hartziekenhuis Lier,https://hhzhlier.be
Heilig Hartziekenhuis Mol,https://azmol.be
Hôpital de Jour Universitaire La Clé,https://hjulacle.be
Hôpital Erasme,https://erasme.ulb.ac.be
Hôpital Militaire Reine Astrid,https://hopitalmilitaire.be
Hôpital Psychiatrique du Beau Vallon,https://beauvallon.be
Hôpital Universitaire des Enfants Reine Fabiola – HUDERF,https://huderf.be
Hôpitaux Iris Sud,https://his-izz.be
Imeldaziekenhuis,https://imelda.be
Institut Jules Bordet,https://bordet.be
Intercommunale de Soins Spécialisés de Liège,https://isosl.be
Jan Yperman Ziekenhuis,https://yperman.net
Kinderpsychiatrisch Centrum Genk,https://kpc-genk.be
Klief,https://klief.be
Kliniek Heilige Familie,https://pzhfamilie.be
Klinik Sankt Josef,https://klinik.be
Koningin Elisabeth Instituut,https://kei.be
L'Équipe - Centre de jour pour adolescents,https://equipe.be
La Petite Maison,https://acis-group.org
Le Bivouac,https://lebivouac.be
Nationaal Multiple Sclerose Centrum,https://mscenter.be
O.L.V. van Lourdes Ziekenhuis Waregem,https://ziekenhuiswaregem.be
Openbaar Psychiatrisch Zorgcentrum Geel,https://opzgeel.be
Openbaar Psychiatrisch Zorgcentrum Rekem,https://opzcrekem.be
Parhélie,https://parhelie.be
Psychiatrisch Centrum Ariadne,https://pcariadne.be
Psychiatrisch Centrum Dr. Guislain,https://guislain.be
Psychiatrisch Centrum Gent-Sleidinge,https://pcgs.be
Psychiatrisch Centrum Onze-Lieve-Vrouw van Vrede,https://pcmenen.be
Psychiatrisch Centrum Sint-Franciscus - De Pelgrim,https://pzsfz.be
Psychiatrisch Centrum Sint-Hiëronymus,https://hieronymus.be
Psychiatrisch Centrum Sint-Jan,https://psyeeklo.be
Psychiatrisch Centrum Sint-Jan Baptist,https://pcsintjanbaptist.be
Psychiatrisch Ziekenhuis Asster,https://asster.be
Psychiatrisch Ziekenhuis Duffel,https://pz-duffel.be
Psychiatrisch Ziekenhuis Heilig Hart,https://pzheilighart.be
Psychiatrisch Ziekenhuis Sint-Camillus,https://karus.be
Psychiatrisch Ziekenhuis Sint-Lucia,https://apzst-lucia.be
Psychiatrische Kliniek Broeders Alexianen,https://alexianentienen.be
Psychiatrische Kliniek Sint-Alexius,https://alexiusgrimbergen.be
Psychiatrische Kliniek Sint-Annendael,https://sad.be
Psycho-sociaal Centrum Sint-Alexius,https://psc-elsene.be
Psychotherapeutisch Centrum Rustenburg,https://ptcrustenburg.be
Regionaal Ziekenhuis Heilig Hart,https://hhleuven.be
Regionaal Ziekenhuis Heilig Hart Tienen,https://rztienen.be
Revalidatie & MS Centrum,https://msreva.be
Revalidatieziekenhuis Inkendaal - Koninklijke Instelling,https://inkendaal.be
RevArte Revalidatieziekenhuis,https://revarte.be
Sankt-Nikolaus Hospital,https://hospital-eupen.be
Sint-Andriesziekenhuis,https://sintandriestielt.be
Sint-Franciscusziekenhuis,https://sfz.be
Sint-Jozefskliniek,https://sint-jozefskliniek-izegem.be
Sint-Trudo Ziekenhuis,https://sint-trudo.be
Universitair Psychiatrisch Centrum KU Leuven,https://upckuleuven.be
Universitair Psychiatrisch Centrum Sint-Kamillus,https://kamillus.be
Universitair Ziekenhuis Antwerpen,https://uza.be
Universitair Ziekenhuis Brussel,https://uzbrussel.be
Universitair Ziekenhuis Gent,https://uzgent.be
Universitair Ziekenhuis Leuven,https://uzleuven.be
Valisana - I.P.I.,https://valisana.be
Verpleeginrichting De Dennen,https://dedennen.be
Vivalia - Hôpital d'Arlon,https://vivalia.be
Ziekenhuis aan de Stroom,https://zas.be
Ziekenhuis AZORG,https://azorg.be
Ziekenhuis Oost-Limburg,https://zol.be
Zorggroep Multiversum - PVT Campus Waesdonck,https://multiversum.care
